{"accuracy/top1": 92.83216857910156, "step": 1}
{"accuracy/top1": 94.7552490234375, "step": 2}
{"accuracy/top1": 94.93006896972656, "step": 3}
{"accuracy/top1": 94.5804214477539, "step": 4}
{"accuracy/top1": 95.45454406738281, "step": 5}
{"accuracy/top1": 96.6783218383789, "step": 6}
{"accuracy/top1": 95.6293716430664, "step": 7}
{"accuracy/top1": 95.10489654541016, "step": 8}
