{"accuracy/top1": 91.95804595947266, "step": 1}
{"accuracy/top1": 94.40559387207031, "step": 2}
{"accuracy/top1": 93.88111877441406, "step": 3}
{"accuracy/top1": 95.97901916503906, "step": 4}
{"accuracy/top1": 95.27972412109375, "step": 5}
{"accuracy/top1": 94.05594635009766, "step": 6}
{"accuracy/top1": 94.7552490234375, "step": 7}
{"accuracy/top1": 94.23077392578125, "step": 8}
{"accuracy/top1": 95.45454406738281, "step": 9}
{"accuracy/top1": 95.6293716430664, "step": 10}
{"accuracy/top1": 94.93006896972656, "step": 11}
{"accuracy/top1": 94.5804214477539, "step": 12}
{"accuracy/top1": 94.5804214477539, "step": 13}
{"accuracy/top1": 95.27972412109375, "step": 14}
{"accuracy/top1": 94.93006896972656, "step": 15}
{"accuracy/top1": 95.27972412109375, "step": 16}
{"accuracy/top1": 95.6293716430664, "step": 17}
{"accuracy/top1": 95.45454406738281, "step": 18}
{"accuracy/top1": 94.93006896972656, "step": 19}
{"accuracy/top1": 94.93006896972656, "step": 20}
